res_idx,S_2,stddev_S_2
2,0.683,0.018
3,0.876,0.006
4,0.892,0.005
5,0.772,0.025
6,0.833,0.153
7,0.746,0.030
8,0.633,0.034
9,0.504,0.023
10,0.552,0.021
11,0.451,0.021
12,0.618,0.044
13,0.738,0.032
14,0.694,0.054
15,0.670,0.035
16,0.719,0.032
17,0.704,0.027
18,0.801,0.015
20,0.732,0.023
22,0.727,0.018
23,0.901,0.005
25,0.881,0.006
26,0.882,0.006
27,0.900,0.010
29,0.806,0.189
30,0.759,0.047
32,0.855,0.005
33,0.669,0.031
34,0.809,0.026
35,0.819,0.043
36,0.683,0.035
39,0.594,0.021
40,0.768,0.024
41,0.795,0.024
42,0.824,0.062
43,0.830,0.031
44,0.824,0.028
45,0.868,0.011
46,0.720,0.030
47,0.706,0.015
48,0.691,0.026
49,0.655,0.019
50,0.766,0.019
51,0.754,0.055
52,0.733,0.035
54,0.705,0.021
55,0.758,0.021
56,0.906,0.009
57,0.843,0.003
59,0.735,0.035
60,0.842,0.008
61,0.762,0.185
62,0.623,0.028
63,0.745,0.026
64,0.788,0.027
65,0.827,0.006
66,0.751,0.029
67,0.819,0.105
68,0.827,0.048
70,0.776,0.027
71,0.658,0.054
74,0.200,0.015
75,0.073,0.003
76,0.024,0.002